strain_description	n_37	mean_doubling_37	se_doubling_37	n_15	mean_doubling_15	se_doubling_15	mean_lag_15	se_lag_15	mean_se_doubling_37	mean_se_lag_15	mean_se_doubling_15
E. coli wt	3	28.458801924662062	0.3266723613614883	3	328.00059329379565	15.160347694446891	63.71134147507515	12.204318060261159	28.5 ± 0.3	63.7 ± 12.2	328 ± 15.2
E. coli rpoS	3	25.514133111170956	0.23174553148138535	3	303.52761242430665	6.366152862443253	98.07308288438325	3.5643420660515073	25.5 ± 0.2	98.1 ± 3.6	303.5 ± 6.4
S. typhimurium wt	3	29.6437357963907	1.6502175553034286	3	175.49120219540848	3.7832382418410044	96.1990215080132	6.749684457005842	29.6 ± 1.7	96.2 ± 6.7	175.5 ± 3.8
S. typhimurium rpoS	3	27.4817746053682	1.2444594020076887	3	188.7612779946581	7.35900265017358	97.78119123240552	10.104735863551388	27.5 ± 1.2	97.8 ± 10.1	188.8 ± 7.4
C. rodentium wt	3	28.096628262073065	0.551622465697675	3	342.1677319615342	30.890696330687927	104.02606834672586	23.11916758302102	28.1 ± 0.6	104 ± 23.1	342.2 ± 30.9
E. cloacae wt	3	27.990111201317898	3.592239253342017	3	394.1902684285559	44.646298068721016	90.33574662779776	29.65664545869735	28 ± 3.6	90.3 ± 29.7	394.2 ± 44.6
K. pneumoniae wt	3	26.766121816970724	0.7339006315311458	3	268.9338233049804	19.77837811719021	119.43599786742425	7.740287571660604	26.8 ± 0.7	119.4 ± 7.7	268.9 ± 19.8
S. marcescens wt	3	29.871150116292654	1.2612865621724134	3	160.86691653547902	7.098239357910963	123.83187853957537	9.768107637310775	29.9 ± 1.3	123.8 ± 9.8	160.9 ± 7.1
